{
  "folds": [
    "fixedlist"
  ],
  "upper_acc": [
    0.7173076923076923
  ],
  "lower_acc": [
    0.8358974358974359
  ],
  "upper_avg": 0.7173076923076923,
  "lower_avg": 0.8358974358974359
}