{
  "subjects": [
    1,
    2,
    3,
    4,
    5,
    6,
    7,
    8,
    9,
    10,
    11,
    12,
    13
  ],
  "upper_acc": [
    0.7592592592592593,
    0.7722222222222223,
    0.7380208333333333,
    0.7177083333333333,
    0.856418918918919,
    0.7890625,
    0.7008333333333333,
    0.9425925925925925,
    0.8009259259259259,
    0.6722222222222223,
    0.7546296296296297,
    0.637962962962963,
    0.7962962962962963
  ],
  "lower_acc": [
    0.8731481481481481,
    0.925,
    0.9151041666666667,
    0.75,
    0.8305180180180181,
    0.9140625,
    0.9158333333333334,
    0.9,
    0.7925925925925926,
    0.775,
    0.8231481481481482,
    0.8018518518518518,
    0.9203703703703704
  ],
  "upper_avg": 0.7644734638484637,
  "lower_avg": 0.8566637791637792
}